Property,Count,Types,Example
wmo,19045,str,7902194
serialInst,19045,"NoneType, str",AI2632-23EU018
serialIMEI,19045,NoneType,
platform,19045,dict,"{'code': '7902194', 'name': 'ARVOR-DO Profiling Float', 'description': 'Argo POLAND', 'comment': None, 'activity': None, 'type': 'ARVOR'}"
platform.code,19045,str,7902194
platform.name,19045,str,ARVOR-DO Profiling Float
platform.description,19045,str,Argo POLAND
platform.comment,19045,"str, NoneType",
platform.activity,19045,"str, NoneType",
platform.type,19045,"NoneType, str",ARVOR
sensors,19045,list,[]
parameters,19045,list,[]
transmissionSystem,19045,str,IRIDIUM
alertStatus,19045,int,0
battery,19045,dict,"{'level': 10.3, 'status': 'ok', 'sourceParameter': 'VOLTAGE_BatteryPumpStartProfile_volts'}"
battery.level,19045,"float, NoneType",10.3
battery.status,19045,str,ok
battery.sourceParameter,19045,"str, NoneType",VOLTAGE_BatteryPumpStartProfile_volts
maker,19045,"NoneType, str",NKE
model,19045,"NoneType, str",
firmwareVersion,19045,"NoneType, str",5900A05
prVersion,19045,"str, NoneType",5.48
projectName,19045,"NoneType, str",
lastFlagSuperHydraulicAlert,19045,str,-
configDataList,19045,list,"[{'argoCode': 'CONFIG_AscentEndThreshold_dbar', 'value': 10.0}, {'argoCode': 'CONFIG_AscentSamplingPeriod_seconds', 'value': 10.0}, {'argoCode': 'CONFIG_AscentSpeed_mm/s', 'value': 90.0}, {'argoCode': 'CONFIG_AscentVerticalThresholdForBuoyancyAction_dbar', 'value': 10.0}, {'argoCode': 'CONFIG_BuoyancyReductionFirstThreshold_dbar', 'value': 1.0}, {'argoCode': 'CONFIG_BuoyancyReductionSecondThreshold_dbar', 'value': 5.0}, {'argoCode': 'CONFIG_CTDPowerAcquisitionMode_NUMBER', 'value': 1.0}, {'argoCode': 'CONFIG_CTDPumpStopPressurePlusThreshold_dbar', 'value': 2.5}, {'argoCode': 'CONFIG_CTDPumpStopPressure_dbar', 'value': 2.0}, {'argoCode': 'CONFIG_ConnectionTimeOut_minutes', 'value': 120.0}, {'argoCode': 'CONFIG_CycleTime_hours', 'value': 70.5}, {'argoCode': 'CONFIG_DelayBeforeMissionStart_minutes', 'value': 30.0}, {'argoCode': 'CONFIG_DescentSpeed_mm/s', 'value': 25.0}, {'argoCode': 'CONFIG_DescentToParkPresSamplingTime_seconds', 'value': 10.0}, {'argoCode': 'CONFIG_DescentVerticalThresholdForBuoyancyAction_dbar', 'value': 3.0}, {'argoCode': 'CONFIG_Direction_NUMBER', 'value': 3.0}, {'argoCode': 'CONFIG_FloatReferenceDay_FloatDay', 'value': 2.0}, {'argoCode': 'CONFIG_GPSTimeout_minutes', 'value': 45.0}, {'argoCode': 'CONFIG_GroundingModeMinPresThreshold_dbar', 'value': 50.0}, {'argoCode': 'CONFIG_GroundingModePresAdjustment_dbar', 'value': 20.0}, {'argoCode': 'CONFIG_GroundingMode_LOGICAL', 'value': 1.0}, {'argoCode': 'CONFIG_HydraulicDataTransmission_LOGICAL', 'value': 1.0}, {'argoCode': 'CONFIG_InAirMeasurementPeriodicity_NUMBER', 'value': 2.0}, {'argoCode': 'CONFIG_InAirMeasurementSamplingPeriod_seconds', 'value': 30.0}, {'argoCode': 'CONFIG_InAirMeasurementTime_minutes', 'value': 5.0}, {'argoCode': 'CONFIG_InternalPressureCalibrationCoef1_NUMBER', 'value': 1.323}, {'argoCode': 'CONFIG_InternalPressureCalibrationCoef2_NUMBER', 'value': 5.0}, {'argoCode': 'CONFIG_MaxCycles_NUMBER', 'value': 999.0}, {'argoCode': 'CONFIG_NumberOfOutOfTolerancePresBeforeReposition_COUNT', 'value': 2.0}, {'argoCode': 'CONFIG_OilVolumeMaxPerValveAction_cm^3', 'value': 11.0}, {'argoCode': 'CONFIG_OilVolumeMinForGroundingDetection_cm^3', 'value': 50.0}, {'argoCode': 'CONFIG_ParkPressure_dbar', 'value': 200.0}, {'argoCode': 'CONFIG_ParkSamplingPeriod_hours', 'value': 6.0}, {'argoCode': 'CONFIG_PressureCheckTimeAscent_minutes', 'value': 2.0}, {'argoCode': 'CONFIG_PressureCheckTimeDescent_minutes', 'value': 5.0}, {'argoCode': 'CONFIG_PressureMaxBeforeEmergencyAscent_dbar', 'value': 2100.0}, {'argoCode': 'CONFIG_PressureOffsetDelayBeforeResetCommand_minutes', 'value': 0.0}, {'argoCode': 'CONFIG_PressureTargetToleranceDuringDrift_dbar', 'value': 12.0}, {'argoCode': 'CONFIG_PressureTargetToleranceForStabilisation_dbar', 'value': 10.0}, {'argoCode': 'CONFIG_PressureThresholdDataReductionIntermediateToDeep_dbar', 'value': 500.0}, {'argoCode': 'CONFIG_PressureThresholdDataReductionShallowToIntermediate_dbar', 'value': 100.0}, {'argoCode': 'CONFIG_ProfileBottomSlicesThickness_dbar', 'value': 5.0}, {'argoCode': 'CONFIG_ProfileIntermediateSlicesThickness_dbar', 'value': 2.0}, {'argoCode': 'CONFIG_ProfilePressure_dbar', 'value': 200.0}, {'argoCode': 'CONFIG_ProfileSurfaceSlicesThickness_dbar', 'value': 1.0}, {'argoCode': 'CONFIG_PumpActionMaxTimeAscent_csec', 'value': 720.0}, {'argoCode': 'CONFIG_PumpActionMaxTimeReposition_csec', 'value': 290.0}, {'argoCode': 'CONFIG_PumpActionTimeBuoyancyAcquisitionForInAirMeasCycle_csec', 'value': 30000.0}, {'argoCode': 'CONFIG_PumpActionTimeBuoyancyAcquisition_csec', 'value': 27000.0}, {'argoCode': 'CONFIG_SurfaceTime_HH', 'value': 23.0}, {'argoCode': 'CONFIG_SurfaceValveMaxTimeAdditionalActions_csec', 'value': 800.0}, {'argoCode': 'CONFIG_TelemetryRepeatSessionDelay_minutes', 'value': 0.0}, {'argoCode': 'CONFIG_TimeDelaybeforeDescentRetryWhenStuckAtSurface_minutes', 'value': 10.0}, {'argoCode': 'CONFIG_TransmissionPeriodEndOfLife_minutes', 'value': 60.0}]"
configDataList.argoCode,377676,str,CONFIG_TransmissionPeriodEndOfLife_minutes
configDataList.value,377676,float,60.0
alertErrorFlags,19045,list,[]
alertWarningFlags,19045,list,[]
alertInfoFlags,19045,list,[]
institution,19045,dict,"{'code': None, 'name': None}"
institution.code,19045,NoneType,
institution.name,19045,NoneType,
dataCenter,19045,dict,"{'code': 'IF', 'name': 'CORIOLIS'}"
dataCenter.code,19045,str,IF
dataCenter.name,19045,str,CORIOLIS
owner,19045,"NoneType, str",Euro-Argo ERIC
projects,19045,list,['ARGO POLAND']
networks,19045,list,[]
variables,19045,list,"['SUBSURFACE PRESSURE', 'SUBSURFACE SALINITY', 'OXYGEN', 'SUBSURFACE TEMPERATURE']"
ptt,19045,"NoneType, str",399125
deployment,19045,dict,"{'launchDate': '2024-05-28T10:25:58.000+00:00', 'year': None, 'platform': 'OCEANIA', 'cruiseName': 'BALTIC2024', 'profilerExperimentId': 'ARGO POLAND', 'principalInvestigatorName': 'Waldemar\xa0WALCZOWSKI', 'lat': 55.2273, 'lon': 16.1621, 'qc': 1}"
deployment.launchDate,19045,"NoneType, str",2024-05-28T10:25:58.000+00:00
deployment.year,19045,NoneType,
deployment.platform,19045,"NoneType, str",OCEANIA
deployment.cruiseName,19045,"str, NoneType",BALTIC2024
deployment.profilerExperimentId,19045,"NoneType, str",ARGO POLAND
deployment.principalInvestigatorName,19045,"NoneType, str",WaldemarÂ WALCZOWSKI
deployment.lat,19045,"NoneType, float",55.2273
deployment.lon,19045,"NoneType, float",16.1621
deployment.qc,19045,int,1
lastCycleBasicInfo,19045,dict,"{'numCycle': 39, 'lat': 54.99904, 'lon': 16.08821, 'positionQc': 1, 'date': '2024-08-18T04:10:55.000+00:00', 'dateQc': None, 'pMax': None, 'grounded': True, 'nLevelMax': None, 'surfaceDate': None, 'bottomMeasure': {'platformCode': None, 'cycleNumber': None, 'direction': None, 'time': None, 'timeQc': None, 'latitude': None, 'longitude': None, 'positionQc': None, 'pres': None, 'presQc': None, 'temp': None, 'tempQc': None, 'psal': None, 'psalQc': None}, 'surfaceMeasure': {'platformCode': None, 'cycleNumber': None, 'direction': None, 'time': None, 'timeQc': None, 'latitude': None, 'longitude': None, 'positionQc': None, 'pres': None, 'presQc': None, 'temp': None, 'tempQc': None, 'psal': None, 'psalQc': None}}"
lastCycleBasicInfo.numCycle,19045,int,39
lastCycleBasicInfo.lat,19045,"NoneType, float",54.99904
lastCycleBasicInfo.lon,19045,"NoneType, float",16.08821
lastCycleBasicInfo.positionQc,19045,"int, NoneType",1
lastCycleBasicInfo.date,19045,"NoneType, str",2024-08-18T04:10:55.000+00:00
lastCycleBasicInfo.dateQc,19045,NoneType,
lastCycleBasicInfo.pMax,19045,"float, NoneType",
lastCycleBasicInfo.grounded,19045,bool,True
lastCycleBasicInfo.nLevelMax,19045,"int, NoneType",
lastCycleBasicInfo.surfaceDate,19045,"str, NoneType",
lastCycleBasicInfo.bottomMeasure,19045,dict,"{'platformCode': None, 'cycleNumber': None, 'direction': None, 'time': None, 'timeQc': None, 'latitude': None, 'longitude': None, 'positionQc': None, 'pres': None, 'presQc': None, 'temp': None, 'tempQc': None, 'psal': None, 'psalQc': None}"
lastCycleBasicInfo.bottomMeasure.platformCode,19045,NoneType,
lastCycleBasicInfo.bottomMeasure.cycleNumber,19045,"int, NoneType",
lastCycleBasicInfo.bottomMeasure.direction,19045,NoneType,
lastCycleBasicInfo.bottomMeasure.time,19045,NoneType,
lastCycleBasicInfo.bottomMeasure.timeQc,19045,NoneType,
lastCycleBasicInfo.bottomMeasure.latitude,19045,NoneType,
lastCycleBasicInfo.bottomMeasure.longitude,19045,NoneType,
lastCycleBasicInfo.bottomMeasure.positionQc,19045,NoneType,
lastCycleBasicInfo.bottomMeasure.pres,19045,"NoneType, float",
lastCycleBasicInfo.bottomMeasure.presQc,19045,"int, NoneType",
lastCycleBasicInfo.bottomMeasure.temp,19045,"NoneType, float",
lastCycleBasicInfo.bottomMeasure.tempQc,19045,"int, NoneType",
lastCycleBasicInfo.bottomMeasure.psal,19045,"NoneType, float",
lastCycleBasicInfo.bottomMeasure.psalQc,19045,"int, NoneType",
lastCycleBasicInfo.surfaceMeasure,19045,dict,"{'platformCode': None, 'cycleNumber': None, 'direction': None, 'time': None, 'timeQc': None, 'latitude': None, 'longitude': None, 'positionQc': None, 'pres': None, 'presQc': None, 'temp': None, 'tempQc': None, 'psal': None, 'psalQc': None}"
lastCycleBasicInfo.surfaceMeasure.platformCode,19045,NoneType,
lastCycleBasicInfo.surfaceMeasure.cycleNumber,19045,"int, NoneType",
lastCycleBasicInfo.surfaceMeasure.direction,19045,NoneType,
lastCycleBasicInfo.surfaceMeasure.time,19045,NoneType,
lastCycleBasicInfo.surfaceMeasure.timeQc,19045,NoneType,
lastCycleBasicInfo.surfaceMeasure.latitude,19045,NoneType,
lastCycleBasicInfo.surfaceMeasure.longitude,19045,NoneType,
lastCycleBasicInfo.surfaceMeasure.positionQc,19045,NoneType,
lastCycleBasicInfo.surfaceMeasure.pres,19045,"NoneType, float",
lastCycleBasicInfo.surfaceMeasure.presQc,19045,"int, NoneType",
lastCycleBasicInfo.surfaceMeasure.temp,19045,"NoneType, float",
lastCycleBasicInfo.surfaceMeasure.tempQc,19045,"int, NoneType",
lastCycleBasicInfo.surfaceMeasure.psal,19045,"NoneType, float",
lastCycleBasicInfo.surfaceMeasure.psalQc,19045,"int, NoneType",
cycles,19045,list,[]
cycleIds,19045,list,[]
locations,19045,list,[]
calibrations,19045,list,[]
configurations,19045,dict,"{'techs': [], 'phases': [], 'cycles': {}, 'missionCycles': {'1': ['1'], '2': ['2'], '3': ['10', '9', '8', '7', '13', '5', '4', '3', '11', '12', '6'], '4': ['27', '28', '29', '30', '31', '32', '33', '34', '35', '36', '37', '38', '26', '25', '24', '23', '22', '21', '39', '19', '18', '17', '16', '15', '14', '20']}}"
configurations.techs,19045,list,[]
configurations.phases,19045,list,[]
configurations.cycles,19045,dict,{}
configurations.missionCycles,19045,dict,"{'1': ['1'], '2': ['2'], '3': ['10', '9', '8', '7', '13', '5', '4', '3', '11', '12', '6'], '4': ['27', '28', '29', '30', '31', '32', '33', '34', '35', '36', '37', '38', '26', '25', '24', '23', '22', '21', '39', '19', '18', '17', '16', '15', '14', '20']}"
configurations.missionCycles.1,14982,list,['1']
countryCode,19045,str,67
statusCode,19045,str,A
greyListParameters,19045,list,[]
lastCycle,19045,NoneType,
earliestCycle,19045,NoneType,
latestCycle,19045,NoneType,
firstCycle,19045,NoneType,
configurations.missionCycles.2,8409,list,['2']
configurations.missionCycles.3,6376,list,"['10', '9', '8', '7', '13', '5', '4', '3', '11', '12', '6']"
configurations.missionCycles.4,5689,list,"['27', '28', '29', '30', '31', '32', '33', '34', '35', '36', '37', '38', '26', '25', '24', '23', '22', '21', '39', '19', '18', '17', '16', '15', '14', '20']"
configurations.missionCycles.5,4871,list,['5']
configurations.missionCycles.44,2174,list,"['145', '146', '147']"
configurations.missionCycles.45,2169,list,"['148', '149']"
configurations.missionCycles.46,2158,list,"['152', '151', '150', '153', '154']"
configurations.missionCycles.47,2142,list,['155']
configurations.missionCycles.48,2124,list,['156']
configurations.missionCycles.49,2135,list,['157']
configurations.missionCycles.50,2116,list,"['159', '158', '160', '164', '161', '162', '163']"
configurations.missionCycles.51,2102,list,['165']
configurations.missionCycles.52,2102,list,['166']
configurations.missionCycles.53,2073,list,['167']
configurations.missionCycles.10,3372,list,['10']
configurations.missionCycles.54,2075,list,['168']
configurations.missionCycles.11,3249,list,['11']
configurations.missionCycles.55,2042,list,['169']
configurations.missionCycles.12,3156,list,['12']
configurations.missionCycles.56,2042,list,['56']
configurations.missionCycles.13,3061,list,['31']
configurations.missionCycles.57,2028,list,['57']
configurations.missionCycles.14,2995,list,"['32', '34', '36', '38']"
configurations.missionCycles.58,2035,list,['58']
configurations.missionCycles.15,2934,list,['33']
configurations.missionCycles.59,2028,list,['59']
configurations.missionCycles.16,2863,list,"['35', '39']"
configurations.missionCycles.17,2803,list,['37']
configurations.missionCycles.18,2747,list,"['40', '43', '45']"
configurations.missionCycles.19,2691,list,"['41', '42']"
configurations.missionCycles.6,4306,list,['6']
configurations.missionCycles.7,3939,list,['7']
configurations.missionCycles.8,3681,list,['8']
configurations.missionCycles.9,3529,list,['9']
configurations.missionCycles.60,2013,list,['60']
configurations.missionCycles.61,2003,list,['61']
configurations.missionCycles.62,1965,list,['62']
configurations.missionCycles.63,1962,list,['63']
configurations.missionCycles.20,2660,list,['44']
configurations.missionCycles.64,1945,list,['64']
configurations.missionCycles.21,2617,list,"['46', '47']"
configurations.missionCycles.65,1925,list,['65']
configurations.missionCycles.22,2574,list,"['58', '62', '66', '84']"
configurations.missionCycles.66,1936,list,['66']
configurations.missionCycles.23,2545,list,"['60', '86', '90', '94', '104']"
configurations.missionCycles.67,1928,list,['67']
configurations.missionCycles.24,2526,list,"['61', '63', '65', '69', '71', '72', '74', '75', '77', '81', '83', '87']"
configurations.missionCycles.68,1913,list,['68']
configurations.missionCycles.25,2503,list,"['67', '79', '85', '89', '91', '93', '95', '97', '98', '100', '101']"
configurations.missionCycles.69,1915,list,['69']
configurations.missionCycles.26,2467,list,['78']
configurations.missionCycles.27,2443,list,['80']
configurations.missionCycles.28,2405,list,['82']
configurations.missionCycles.29,2396,list,"['123', '125', '127', '129']"
configurations.missionCycles.70,1922,list,['70']
configurations.missionCycles.71,1918,list,['71']
configurations.missionCycles.72,1909,list,['72']
configurations.missionCycles.73,1906,list,['73']
configurations.missionCycles.30,2374,list,"['82', '88', '92', '94', '96', '97', '99', '101', '103', '105', '107', '109', '111', '113', '115', '116', '118', '120', '122', '124', '126', '128', '130', '132', '134', '136', '138', '140', '142', '143', '144', '145']"
configurations.missionCycles.31,2352,list,"['85', '89', '93', '100', '104', '108', '112', '123', '127', '131', '135', '139']"
configurations.missionCycles.32,2333,list,"['87', '91', '95', '98', '102', '106', '110', '114', '121', '125', '129', '133', '141']"
configurations.missionCycles.33,2322,list,['90']
configurations.missionCycles.34,2308,list,"['117', '137']"
configurations.missionCycles.35,2289,list,['119']
configurations.missionCycles.36,2265,list,['101']
configurations.missionCycles.37,2248,list,['111']
configurations.missionCycles.38,2244,list,['112']
configurations.missionCycles.39,2232,list,['113']
configurations.missionCycles.40,2221,list,"['136', '135', '139', '141', '138']"
configurations.missionCycles.41,2220,list,"['142', '137', '140']"
configurations.missionCycles.42,2197,list,['143']
configurations.missionCycles.43,2195,list,['144']
configurations.missionCycles.0,83,list,['0']
configurations.missionCycles.230,693,list,['230']
configurations.missionCycles.110,1609,list,['110']
configurations.missionCycles.231,690,list,['231']
configurations.missionCycles.111,1611,list,['111']
configurations.missionCycles.232,682,list,['232']
configurations.missionCycles.112,1608,list,['112']
configurations.missionCycles.233,677,list,['233']
configurations.missionCycles.113,1609,list,['113']
configurations.missionCycles.234,666,list,['234']
configurations.missionCycles.114,1598,list,['114']
configurations.missionCycles.235,660,list,['235']
configurations.missionCycles.115,1583,list,['115']
configurations.missionCycles.236,658,list,['236']
configurations.missionCycles.116,1589,list,['116']
configurations.missionCycles.237,654,list,['237']
configurations.missionCycles.117,1572,list,['117']
configurations.missionCycles.238,652,list,['238']
configurations.missionCycles.118,1570,list,['118']
configurations.missionCycles.239,650,list,['239']
configurations.missionCycles.119,1575,list,['119']
configurations.missionCycles.240,653,list,['240']
configurations.missionCycles.120,1568,list,['120']
configurations.missionCycles.241,643,list,['241']
configurations.missionCycles.121,1558,list,['121']
configurations.missionCycles.242,642,list,['242']
configurations.missionCycles.122,1550,list,['122']
configurations.missionCycles.243,642,list,['243']
configurations.missionCycles.123,1551,list,['123']
configurations.missionCycles.244,636,list,['244']
configurations.missionCycles.124,1514,list,['124']
configurations.missionCycles.245,629,list,['245']
configurations.missionCycles.125,1507,list,['125']
configurations.missionCycles.246,617,list,['246']
configurations.missionCycles.126,1506,list,['126']
configurations.missionCycles.247,599,list,['247']
configurations.missionCycles.127,1506,list,['127']
configurations.missionCycles.248,587,list,['248']
configurations.missionCycles.128,1506,list,['128']
configurations.missionCycles.249,571,list,['249']
configurations.missionCycles.129,1508,list,['129']
configurations.missionCycles.250,556,list,['250']
configurations.missionCycles.130,1496,list,['130']
configurations.missionCycles.251,547,list,['251']
configurations.missionCycles.131,1473,list,['131']
configurations.missionCycles.252,531,list,['252']
configurations.missionCycles.132,1474,list,['132']
configurations.missionCycles.253,524,list,['253']
configurations.missionCycles.133,1461,list,['133']
configurations.missionCycles.254,509,list,['254']
configurations.missionCycles.134,1458,list,['134']
configurations.missionCycles.255,495,list,['255']
configurations.missionCycles.135,1458,list,['135']
configurations.missionCycles.256,492,list,['256']
configurations.missionCycles.136,1454,list,['136']
configurations.missionCycles.257,479,list,['257']
configurations.missionCycles.137,1446,list,['137']
configurations.missionCycles.258,470,list,['258']
configurations.missionCycles.138,1425,list,['138']
configurations.missionCycles.259,461,list,['259']
configurations.missionCycles.139,1411,list,['139']
configurations.missionCycles.260,457,list,['260']
configurations.missionCycles.140,1420,list,['140']
configurations.missionCycles.261,450,list,['261']
configurations.missionCycles.141,1401,list,['141']
configurations.missionCycles.262,439,list,['262']
configurations.missionCycles.142,1387,list,['142']
configurations.missionCycles.263,428,list,['263']
configurations.missionCycles.143,1400,list,['143']
configurations.missionCycles.264,423,list,['264']
configurations.missionCycles.144,1384,list,['144']
configurations.missionCycles.265,421,list,['265']
configurations.missionCycles.145,1379,list,['145']
configurations.missionCycles.266,406,list,['266']
configurations.missionCycles.146,1371,list,['146']
configurations.missionCycles.267,397,list,['267']
configurations.missionCycles.147,1374,list,['147']
configurations.missionCycles.268,386,list,['268']
configurations.missionCycles.148,1353,list,['148']
configurations.missionCycles.269,375,list,['269']
configurations.missionCycles.149,1347,list,['149']
configurations.missionCycles.270,369,list,['270']
configurations.missionCycles.150,1343,list,['150']
configurations.missionCycles.271,350,list,['271']
configurations.missionCycles.151,1331,list,['151']
configurations.missionCycles.272,357,list,['272']
configurations.missionCycles.152,1312,list,['152']
configurations.missionCycles.273,347,list,['273']
configurations.missionCycles.274,339,list,['274']
configurations.missionCycles.154,1288,list,['154']
configurations.missionCycles.275,333,list,['275']
configurations.missionCycles.155,1287,list,['155']
configurations.missionCycles.276,323,list,['276']
configurations.missionCycles.156,1276,list,['156']
configurations.missionCycles.277,307,list,['277']
configurations.missionCycles.157,1281,list,['157']
configurations.missionCycles.278,302,list,['278']
configurations.missionCycles.158,1271,list,['158']
configurations.missionCycles.279,296,list,['279']
configurations.missionCycles.159,1257,list,['159']
configurations.missionCycles.280,281,list,['280']
configurations.missionCycles.160,1243,list,['160']
configurations.missionCycles.281,273,list,['281']
configurations.missionCycles.161,1235,list,['161']
configurations.missionCycles.282,264,list,['282']
configurations.missionCycles.162,1232,list,['162']
configurations.missionCycles.283,245,list,['283']
configurations.missionCycles.163,1212,list,['163']
configurations.missionCycles.284,235,list,['284']
configurations.missionCycles.164,1209,list,['164']
configurations.missionCycles.165,1200,list,['165']
configurations.missionCycles.166,1191,list,['166']
configurations.missionCycles.167,1189,list,['167']
configurations.missionCycles.168,1180,list,['168']
configurations.missionCycles.169,1169,list,['169']
configurations.missionCycles.290,200,list,['290']
configurations.missionCycles.170,1156,list,['170']
configurations.missionCycles.171,1135,list,['171']
configurations.missionCycles.292,193,list,['292']
configurations.missionCycles.172,1113,list,['172']
configurations.missionCycles.173,1090,list,['173']
configurations.missionCycles.174,1082,list,['174']
configurations.missionCycles.175,1063,list,['175']
configurations.missionCycles.176,1047,list,['176']
configurations.missionCycles.177,1044,list,['177']
configurations.missionCycles.178,1049,list,['178']
configurations.missionCycles.179,1049,list,['179']
configurations.missionCycles.74,1897,list,['74']
configurations.missionCycles.75,1883,list,['75']
configurations.missionCycles.76,1879,list,['76']
configurations.missionCycles.77,1880,list,['77']
configurations.missionCycles.78,1872,list,['78']
configurations.missionCycles.79,1868,list,['79']
configurations.missionCycles.180,1043,list,['180']
configurations.missionCycles.181,1060,list,['181']
configurations.missionCycles.182,1057,list,['182']
configurations.missionCycles.183,1046,list,['183']
configurations.missionCycles.184,1050,list,['184']
configurations.missionCycles.185,1039,list,['185']
configurations.missionCycles.186,1028,list,['186']
configurations.missionCycles.187,1019,list,['187']
configurations.missionCycles.188,1000,list,['188']
configurations.missionCycles.189,991,list,['189']
configurations.missionCycles.80,1828,list,['80']
configurations.missionCycles.81,1821,list,['81']
configurations.missionCycles.82,1815,list,['82']
configurations.missionCycles.83,1811,list,['83']
configurations.missionCycles.84,1787,list,['84']
configurations.missionCycles.85,1792,list,['85']
configurations.missionCycles.86,1787,list,['86']
configurations.missionCycles.87,1787,list,['87']
configurations.missionCycles.88,1764,list,['88']
configurations.missionCycles.89,1732,list,['89']
configurations.missionCycles.190,983,list,['190']
configurations.missionCycles.191,973,list,['191']
configurations.missionCycles.192,964,list,['192']
configurations.missionCycles.193,954,list,['193']
configurations.missionCycles.194,949,list,['194']
configurations.missionCycles.195,946,list,['195']
configurations.missionCycles.196,942,list,['196']
configurations.missionCycles.197,945,list,['197']
configurations.missionCycles.198,936,list,['198']
configurations.missionCycles.199,924,list,['199']
configurations.missionCycles.90,1736,list,['90']
configurations.missionCycles.91,1736,list,['91']
configurations.missionCycles.92,1722,list,['92']
configurations.missionCycles.93,1713,list,['93']
configurations.missionCycles.94,1730,list,['94']
configurations.missionCycles.95,1715,list,['95']
configurations.missionCycles.96,1712,list,['96']
configurations.missionCycles.97,1685,list,['97']
configurations.missionCycles.98,1675,list,['98']
configurations.missionCycles.99,1666,list,['99']
configurations.missionCycles.200,920,list,['200']
configurations.missionCycles.201,911,list,['201']
configurations.missionCycles.202,908,list,['202']
configurations.missionCycles.203,903,list,['203']
configurations.missionCycles.204,895,list,['204']
configurations.missionCycles.205,890,list,['205']
configurations.missionCycles.206,887,list,['206']
configurations.missionCycles.207,882,list,['207']
configurations.missionCycles.208,877,list,['208']
configurations.missionCycles.209,873,list,['209']
configurations.missionCycles.210,869,list,['210']
configurations.missionCycles.211,867,list,['211']
configurations.missionCycles.212,860,list,['212']
configurations.missionCycles.213,857,list,['213']
configurations.missionCycles.214,843,list,['214']
configurations.missionCycles.215,835,list,['215']
configurations.missionCycles.216,828,list,['216']
configurations.missionCycles.217,819,list,['217']
configurations.missionCycles.218,808,list,['218']
configurations.missionCycles.219,806,list,['219']
configurations.missionCycles.220,802,list,['220']
configurations.missionCycles.100,1662,list,['100']
configurations.missionCycles.221,790,list,['221']
configurations.missionCycles.101,1655,list,['101']
configurations.missionCycles.222,772,list,['222']
configurations.missionCycles.102,1650,list,['102']
configurations.missionCycles.223,765,list,['223']
configurations.missionCycles.103,1642,list,['103']
configurations.missionCycles.224,752,list,['224']
configurations.missionCycles.104,1631,list,['104']
configurations.missionCycles.225,735,list,['225']
configurations.missionCycles.105,1636,list,['105']
configurations.missionCycles.226,729,list,['226']
configurations.missionCycles.106,1626,list,['106']
configurations.missionCycles.227,719,list,['227']
configurations.missionCycles.107,1623,list,['107']
configurations.missionCycles.228,708,list,['228']
configurations.missionCycles.108,1629,list,['108']
configurations.missionCycles.229,702,list,['229']
configurations.missionCycles.109,1619,list,['109']
configurations.missionCycles.153,1300,list,['153']
configurations.missionCycles.285,229,list,['285']
configurations.missionCycles.286,222,list,['286']
configurations.missionCycles.287,217,list,['287']
configurations.missionCycles.288,208,list,['288']
configurations.missionCycles.289,201,list,['289']
configurations.missionCycles.293,181,list,['293']
configurations.missionCycles.294,182,list,['294']
configurations.missionCycles.296,171,list,['296']
configurations.missionCycles.297,170,list,['297']
configurations.missionCycles.298,169,list,['298']
configurations.missionCycles.299,166,list,['299']
configurations.missionCycles.300,165,list,['300']
configurations.missionCycles.301,159,list,['301']
configurations.missionCycles.302,157,list,['302']
configurations.missionCycles.303,149,list,['303']
configurations.missionCycles.304,144,list,['304']
configurations.missionCycles.306,138,list,['306']
configurations.missionCycles.307,133,list,['307']
configurations.missionCycles.308,131,list,['308']
configurations.missionCycles.309,124,list,['309']
configurations.missionCycles.310,122,list,['310']
configurations.missionCycles.311,116,list,['311']
configurations.missionCycles.312,112,list,['312']
configurations.missionCycles.313,112,list,['313']
configurations.missionCycles.314,110,list,['314']
configurations.missionCycles.315,105,list,['315']
configurations.missionCycles.350,40,list,['350']
configurations.missionCycles.351,39,list,['351']
configurations.missionCycles.352,41,list,['352']
configurations.missionCycles.353,42,list,['353']
configurations.missionCycles.354,41,list,['354']
configurations.missionCycles.355,39,list,['355']
configurations.missionCycles.356,38,list,['356']
configurations.missionCycles.357,39,list,['357']
configurations.missionCycles.358,39,list,['358']
configurations.missionCycles.359,39,list,['359']
configurations.missionCycles.360,37,list,['360']
configurations.missionCycles.361,34,list,['361']
configurations.missionCycles.362,33,list,['362']
configurations.missionCycles.363,33,list,['363']
configurations.missionCycles.364,33,list,['364']
configurations.missionCycles.365,34,list,['365']
configurations.missionCycles.366,34,list,['366']
configurations.missionCycles.367,33,list,['367']
configurations.missionCycles.368,32,list,['368']
configurations.missionCycles.369,33,list,['369']
configurations.missionCycles.291,193,list,['291']
configurations.missionCycles.295,177,list,['295']
configurations.missionCycles.305,142,list,['305']
configurations.missionCycles.316,103,list,['316']
configurations.missionCycles.317,99,list,['317']
configurations.missionCycles.318,102,list,['318']
configurations.missionCycles.319,99,list,['319']
configurations.missionCycles.320,100,list,['320']
configurations.missionCycles.321,96,list,['321']
configurations.missionCycles.322,94,list,['322']
configurations.missionCycles.323,88,list,['323']
configurations.missionCycles.324,86,list,['324']
configurations.missionCycles.325,82,list,['325']
configurations.missionCycles.326,68,list,['326']
configurations.missionCycles.327,65,list,['327']
configurations.missionCycles.328,63,list,['328']
configurations.missionCycles.329,58,list,['329']
configurations.missionCycles.330,57,list,['330']
configurations.missionCycles.331,56,list,['331']
configurations.missionCycles.332,56,list,['332']
configurations.missionCycles.333,55,list,['333']
configurations.missionCycles.334,52,list,['334']
configurations.missionCycles.335,52,list,['335']
configurations.missionCycles.336,54,list,['336']
configurations.missionCycles.337,51,list,['337']
configurations.missionCycles.338,50,list,['338']
configurations.missionCycles.339,50,list,['339']
configurations.missionCycles.340,48,list,['340']
configurations.missionCycles.341,47,list,['341']
configurations.missionCycles.342,44,list,['342']
configurations.missionCycles.343,43,list,['343']
configurations.missionCycles.344,44,list,['344']
configurations.missionCycles.345,43,list,['345']
configurations.missionCycles.346,45,list,['346']
configurations.missionCycles.347,43,list,['347']
configurations.missionCycles.348,40,list,['348']
configurations.missionCycles.349,39,list,['349']
configurations.missionCycles.370,31,list,['370']
configurations.missionCycles.371,29,list,['371']
configurations.missionCycles.372,30,list,['372']
configurations.missionCycles.373,28,list,['373']
configurations.missionCycles.374,29,list,['374']
configurations.missionCycles.375,27,list,['375']
configurations.missionCycles.376,27,list,['376']
configurations.missionCycles.378,25,list,['378']
configurations.missionCycles.379,26,list,['379']
configurations.missionCycles.380,25,list,['380']
configurations.missionCycles.381,25,list,['381']
configurations.missionCycles.382,24,list,['382']
configurations.missionCycles.383,23,list,['383']
configurations.missionCycles.377,24,list,['377']
configurations.missionCycles.500,9,list,['500']
configurations.missionCycles.501,9,list,['501']
configurations.missionCycles.502,9,list,['502']
configurations.missionCycles.503,9,list,['503']
configurations.missionCycles.504,9,list,['504']
configurations.missionCycles.505,9,list,['505']
configurations.missionCycles.506,9,list,['506']
configurations.missionCycles.507,9,list,['507']
configurations.missionCycles.508,9,list,['508']
configurations.missionCycles.509,9,list,['509']
configurations.missionCycles.510,9,list,['510']
configurations.missionCycles.511,9,list,['511']
configurations.missionCycles.512,9,list,['512']
configurations.missionCycles.513,9,list,['513']
configurations.missionCycles.514,9,list,['514']
configurations.missionCycles.515,9,list,['515']
configurations.missionCycles.516,9,list,['516']
configurations.missionCycles.517,9,list,['517']
configurations.missionCycles.518,9,list,['518']
configurations.missionCycles.519,9,list,['519']
configurations.missionCycles.520,9,list,['520']
configurations.missionCycles.400,17,list,['400']
configurations.missionCycles.521,9,list,['521']
configurations.missionCycles.401,17,list,['401']
configurations.missionCycles.522,9,list,['522']
configurations.missionCycles.402,17,list,['402']
configurations.missionCycles.523,9,list,['523']
configurations.missionCycles.403,17,list,['403']
configurations.missionCycles.524,9,list,['524']
configurations.missionCycles.404,17,list,['404']
configurations.missionCycles.525,9,list,['525']
configurations.missionCycles.405,17,list,['405']
configurations.missionCycles.526,9,list,['526']
configurations.missionCycles.406,16,list,['406']
configurations.missionCycles.527,9,list,['527']
configurations.missionCycles.407,15,list,['407']
configurations.missionCycles.528,9,list,['528']
configurations.missionCycles.408,14,list,['408']
configurations.missionCycles.529,8,list,['529']
configurations.missionCycles.409,15,list,['409']
configurations.missionCycles.530,8,list,['530']
configurations.missionCycles.410,15,list,['410']
configurations.missionCycles.531,7,list,['531']
configurations.missionCycles.411,15,list,['411']
configurations.missionCycles.532,8,list,['532']
configurations.missionCycles.412,14,list,['412']
configurations.missionCycles.533,8,list,['533']
configurations.missionCycles.413,14,list,['413']
configurations.missionCycles.534,8,list,['534']
configurations.missionCycles.414,14,list,['414']
configurations.missionCycles.535,8,list,['535']
configurations.missionCycles.415,14,list,['415']
configurations.missionCycles.536,8,list,['536']
configurations.missionCycles.416,13,list,['416']
configurations.missionCycles.537,8,list,['537']
configurations.missionCycles.417,13,list,['417']
configurations.missionCycles.538,8,list,['538']
configurations.missionCycles.418,14,list,['418']
configurations.missionCycles.539,8,list,['539']
configurations.missionCycles.419,14,list,['419']
configurations.missionCycles.540,8,list,['540']
configurations.missionCycles.420,13,list,['420']
configurations.missionCycles.541,7,list,['541']
configurations.missionCycles.421,13,list,['421']
configurations.missionCycles.542,7,list,['542']
configurations.missionCycles.422,13,list,['422']
configurations.missionCycles.543,7,list,['543']
configurations.missionCycles.423,13,list,['423']
configurations.missionCycles.544,7,list,['544']
configurations.missionCycles.424,12,list,['424']
configurations.missionCycles.545,7,list,['545']
configurations.missionCycles.425,12,list,['425']
configurations.missionCycles.546,7,list,['546']
configurations.missionCycles.426,12,list,['426']
configurations.missionCycles.547,7,list,['547']
configurations.missionCycles.427,11,list,['427']
configurations.missionCycles.548,7,list,['548']
configurations.missionCycles.428,11,list,['428']
configurations.missionCycles.549,7,list,['549']
configurations.missionCycles.429,11,list,['429']
configurations.missionCycles.550,7,list,['550']
configurations.missionCycles.430,11,list,['430']
configurations.missionCycles.551,7,list,['551']
configurations.missionCycles.431,11,list,['431']
configurations.missionCycles.552,7,list,['552']
configurations.missionCycles.432,11,list,['432']
configurations.missionCycles.553,7,list,['553']
configurations.missionCycles.433,11,list,['433']
configurations.missionCycles.554,7,list,['554']
configurations.missionCycles.434,11,list,['434']
configurations.missionCycles.555,7,list,['555']
configurations.missionCycles.435,11,list,['435']
configurations.missionCycles.556,7,list,['556']
configurations.missionCycles.436,11,list,['436']
configurations.missionCycles.557,7,list,['557']
configurations.missionCycles.437,11,list,['437']
configurations.missionCycles.558,7,list,['558']
configurations.missionCycles.438,11,list,['438']
configurations.missionCycles.559,7,list,['559']
configurations.missionCycles.439,11,list,['439']
configurations.missionCycles.560,7,list,['560']
configurations.missionCycles.440,11,list,['440']
configurations.missionCycles.561,7,list,['561']
configurations.missionCycles.441,11,list,['441']
configurations.missionCycles.562,7,list,['562']
configurations.missionCycles.442,11,list,['442']
configurations.missionCycles.563,7,list,['563']
configurations.missionCycles.443,11,list,['443']
configurations.missionCycles.564,7,list,['564']
configurations.missionCycles.444,11,list,['444']
configurations.missionCycles.565,7,list,['565']
configurations.missionCycles.445,11,list,['445']
configurations.missionCycles.566,7,list,['566']
configurations.missionCycles.446,11,list,['446']
configurations.missionCycles.567,7,list,['567']
configurations.missionCycles.447,11,list,['447']
configurations.missionCycles.568,7,list,['568']
configurations.missionCycles.448,11,list,['448']
configurations.missionCycles.569,6,list,['569']
configurations.missionCycles.449,11,list,['449']
configurations.missionCycles.570,7,list,['570']
configurations.missionCycles.450,11,list,['450']
configurations.missionCycles.571,7,list,['571']
configurations.missionCycles.451,11,list,['451']
configurations.missionCycles.572,7,list,['572']
configurations.missionCycles.452,11,list,['452']
configurations.missionCycles.573,7,list,['573']
configurations.missionCycles.453,11,list,['453']
configurations.missionCycles.574,7,list,['574']
configurations.missionCycles.454,11,list,['454']
configurations.missionCycles.575,7,list,['575']
configurations.missionCycles.455,11,list,['455']
configurations.missionCycles.576,7,list,['576']
configurations.missionCycles.456,11,list,['456']
configurations.missionCycles.577,7,list,['577']
configurations.missionCycles.457,11,list,['457']
configurations.missionCycles.578,7,list,['578']
configurations.missionCycles.458,11,list,['458']
configurations.missionCycles.579,7,list,['579']
configurations.missionCycles.459,11,list,['459']
configurations.missionCycles.580,7,list,['580']
configurations.missionCycles.460,11,list,['460']
configurations.missionCycles.581,7,list,['581']
configurations.missionCycles.461,11,list,['461']
configurations.missionCycles.582,7,list,['582']
configurations.missionCycles.462,11,list,['462']
configurations.missionCycles.583,7,list,['583']
configurations.missionCycles.463,11,list,['463']
configurations.missionCycles.584,7,list,['584']
configurations.missionCycles.464,11,list,['464']
configurations.missionCycles.585,7,list,['585']
configurations.missionCycles.465,11,list,['465']
configurations.missionCycles.586,7,list,['586']
configurations.missionCycles.466,11,list,['466']
configurations.missionCycles.587,7,list,['587']
configurations.missionCycles.467,11,list,['467']
configurations.missionCycles.588,7,list,['588']
configurations.missionCycles.468,11,list,['468']
configurations.missionCycles.469,11,list,['469']
configurations.missionCycles.470,11,list,['470']
configurations.missionCycles.471,11,list,['471']
configurations.missionCycles.472,11,list,['472']
configurations.missionCycles.473,11,list,['473']
configurations.missionCycles.474,11,list,['474']
configurations.missionCycles.475,11,list,['475']
configurations.missionCycles.476,10,list,['476']
configurations.missionCycles.477,11,list,['477']
configurations.missionCycles.478,11,list,['478']
configurations.missionCycles.479,11,list,['479']
configurations.missionCycles.480,11,list,['480']
configurations.missionCycles.481,11,list,['481']
configurations.missionCycles.482,11,list,['482']
configurations.missionCycles.483,11,list,['483']
configurations.missionCycles.484,11,list,['484']
configurations.missionCycles.485,10,list,['485']
configurations.missionCycles.486,10,list,['486']
configurations.missionCycles.487,10,list,['487']
configurations.missionCycles.488,10,list,['488']
configurations.missionCycles.489,9,list,['489']
configurations.missionCycles.490,9,list,['490']
configurations.missionCycles.491,9,list,['491']
configurations.missionCycles.492,9,list,['492']
configurations.missionCycles.493,9,list,['493']
configurations.missionCycles.494,9,list,['494']
configurations.missionCycles.495,9,list,['495']
configurations.missionCycles.496,9,list,['496']
configurations.missionCycles.497,9,list,['497']
configurations.missionCycles.498,9,list,['498']
configurations.missionCycles.499,9,list,['499']
configurations.missionCycles.384,23,list,['384']
configurations.missionCycles.385,20,list,['385']
configurations.missionCycles.386,20,list,['386']
configurations.missionCycles.387,19,list,['387']
configurations.missionCycles.388,18,list,['388']
configurations.missionCycles.389,17,list,['389']
configurations.missionCycles.390,17,list,['390']
configurations.missionCycles.391,17,list,['391']
configurations.missionCycles.392,17,list,['392']
configurations.missionCycles.393,17,list,['393']
configurations.missionCycles.394,17,list,['394']
configurations.missionCycles.395,17,list,['395']
configurations.missionCycles.396,17,list,['396']
configurations.missionCycles.397,17,list,['397']
configurations.missionCycles.398,17,list,['398']
configurations.missionCycles.399,17,list,['399']
configurations.missionCycles.800,2,list,['800']
configurations.missionCycles.801,2,list,['801']
configurations.missionCycles.802,2,list,['802']
configurations.missionCycles.600,6,list,['600']
configurations.missionCycles.601,6,list,['601']
configurations.missionCycles.602,6,list,['602']
configurations.missionCycles.603,6,list,['603']
configurations.missionCycles.604,6,list,['604']
configurations.missionCycles.605,6,list,['605']
configurations.missionCycles.606,6,list,['606']
configurations.missionCycles.607,6,list,['607']
configurations.missionCycles.608,6,list,['608']
configurations.missionCycles.609,6,list,['609']
configurations.missionCycles.610,6,list,['610']
configurations.missionCycles.611,6,list,['611']
configurations.missionCycles.612,6,list,['612']
configurations.missionCycles.613,6,list,['613']
configurations.missionCycles.614,6,list,['614']
configurations.missionCycles.615,6,list,['615']
configurations.missionCycles.616,6,list,['616']
configurations.missionCycles.617,6,list,['617']
configurations.missionCycles.618,6,list,['618']
configurations.missionCycles.619,6,list,['619']
configurations.missionCycles.620,6,list,['620']
configurations.missionCycles.621,6,list,['621']
configurations.missionCycles.622,6,list,['622']
configurations.missionCycles.623,6,list,['623']
configurations.missionCycles.624,6,list,['624']
configurations.missionCycles.625,6,list,['625']
configurations.missionCycles.626,6,list,['626']
configurations.missionCycles.627,6,list,['627']
configurations.missionCycles.628,6,list,['628']
configurations.missionCycles.629,6,list,['629']
configurations.missionCycles.630,6,list,['630']
configurations.missionCycles.631,6,list,['631']
configurations.missionCycles.632,6,list,['632']
configurations.missionCycles.633,6,list,['633']
configurations.missionCycles.634,6,list,['634']
configurations.missionCycles.635,6,list,['635']
configurations.missionCycles.636,6,list,['636']
configurations.missionCycles.637,6,list,['637']
configurations.missionCycles.638,6,list,['638']
configurations.missionCycles.639,6,list,['639']
configurations.missionCycles.640,6,list,['640']
configurations.missionCycles.641,6,list,['641']
configurations.missionCycles.642,6,list,['642']
configurations.missionCycles.643,6,list,['643']
configurations.missionCycles.644,6,list,['644']
configurations.missionCycles.645,6,list,['645']
configurations.missionCycles.646,6,list,['646']
configurations.missionCycles.647,6,list,['647']
configurations.missionCycles.648,6,list,['648']
configurations.missionCycles.649,6,list,['649']
configurations.missionCycles.650,6,list,['650']
configurations.missionCycles.651,6,list,['651']
configurations.missionCycles.652,6,list,['652']
configurations.missionCycles.653,6,list,['653']
configurations.missionCycles.654,6,list,['654']
configurations.missionCycles.655,5,list,['655']
configurations.missionCycles.656,5,list,['656']
configurations.missionCycles.657,5,list,['657']
configurations.missionCycles.658,5,list,['658']
configurations.missionCycles.659,5,list,['659']
configurations.missionCycles.660,5,list,['660']
configurations.missionCycles.661,5,list,['661']
configurations.missionCycles.662,4,list,['662']
configurations.missionCycles.663,4,list,['663']
configurations.missionCycles.664,4,list,['664']
configurations.missionCycles.665,4,list,['665']
configurations.missionCycles.666,3,list,['666']
configurations.missionCycles.667,3,list,['667']
configurations.missionCycles.668,3,list,['668']
configurations.missionCycles.669,3,list,['669']
configurations.missionCycles.670,3,list,['670']
configurations.missionCycles.671,3,list,['671']
configurations.missionCycles.672,3,list,['672']
configurations.missionCycles.673,3,list,['673']
configurations.missionCycles.674,3,list,['674']
configurations.missionCycles.675,2,list,['675']
configurations.missionCycles.676,3,list,['676']
configurations.missionCycles.677,3,list,['677']
configurations.missionCycles.678,3,list,['678']
configurations.missionCycles.679,3,list,['679']
configurations.missionCycles.680,3,list,['680']
configurations.missionCycles.681,3,list,['681']
configurations.missionCycles.682,3,list,['682']
configurations.missionCycles.683,3,list,['683']
configurations.missionCycles.684,3,list,['684']
configurations.missionCycles.685,3,list,['685']
configurations.missionCycles.686,3,list,['686']
configurations.missionCycles.687,3,list,['687']
configurations.missionCycles.688,3,list,['688']
configurations.missionCycles.689,3,list,['689']
configurations.missionCycles.690,3,list,['690']
configurations.missionCycles.691,3,list,['691']
configurations.missionCycles.692,3,list,['692']
configurations.missionCycles.693,3,list,['693']
configurations.missionCycles.694,3,list,['694']
configurations.missionCycles.695,3,list,['695']
configurations.missionCycles.696,3,list,['696']
configurations.missionCycles.697,3,list,['697']
configurations.missionCycles.698,3,list,['698']
configurations.missionCycles.699,3,list,['699']
configurations.missionCycles.700,3,list,['700']
configurations.missionCycles.701,3,list,['701']
configurations.missionCycles.702,3,list,['702']
configurations.missionCycles.703,3,list,['703']
configurations.missionCycles.704,3,list,['704']
configurations.missionCycles.705,3,list,['705']
configurations.missionCycles.706,3,list,['706']
configurations.missionCycles.707,3,list,['707']
configurations.missionCycles.708,3,list,['708']
configurations.missionCycles.709,3,list,['709']
configurations.missionCycles.710,3,list,['710']
configurations.missionCycles.711,3,list,['711']
configurations.missionCycles.712,3,list,['712']
configurations.missionCycles.713,3,list,['713']
configurations.missionCycles.714,3,list,['714']
configurations.missionCycles.715,3,list,['715']
configurations.missionCycles.716,3,list,['716']
configurations.missionCycles.717,3,list,['717']
configurations.missionCycles.718,3,list,['718']
configurations.missionCycles.719,3,list,['719']
configurations.missionCycles.720,3,list,['720']
configurations.missionCycles.721,3,list,['721']
configurations.missionCycles.722,3,list,['722']
configurations.missionCycles.723,3,list,['723']
configurations.missionCycles.724,3,list,['724']
configurations.missionCycles.725,3,list,['725']
configurations.missionCycles.726,3,list,['726']
configurations.missionCycles.727,2,list,['727']
configurations.missionCycles.728,2,list,['728']
configurations.missionCycles.729,2,list,['729']
configurations.missionCycles.730,2,list,['730']
configurations.missionCycles.731,2,list,['731']
configurations.missionCycles.732,2,list,['732']
configurations.missionCycles.733,2,list,['733']
configurations.missionCycles.734,2,list,['734']
configurations.missionCycles.735,2,list,['735']
configurations.missionCycles.736,2,list,['736']
configurations.missionCycles.737,2,list,['737']
configurations.missionCycles.738,2,list,['738']
configurations.missionCycles.739,2,list,['739']
configurations.missionCycles.740,2,list,['740']
configurations.missionCycles.741,2,list,['741']
configurations.missionCycles.742,2,list,['742']
configurations.missionCycles.743,2,list,['743']
configurations.missionCycles.744,2,list,['744']
configurations.missionCycles.745,2,list,['745']
configurations.missionCycles.746,2,list,['746']
configurations.missionCycles.747,2,list,['747']
configurations.missionCycles.748,2,list,['748']
configurations.missionCycles.749,2,list,['749']
configurations.missionCycles.750,2,list,['750']
configurations.missionCycles.751,2,list,['751']
configurations.missionCycles.752,2,list,['752']
configurations.missionCycles.753,2,list,['753']
configurations.missionCycles.754,2,list,['754']
configurations.missionCycles.755,2,list,['755']
configurations.missionCycles.756,2,list,['756']
configurations.missionCycles.757,2,list,['757']
configurations.missionCycles.758,2,list,['758']
configurations.missionCycles.759,2,list,['759']
configurations.missionCycles.760,2,list,['760']
configurations.missionCycles.761,2,list,['761']
configurations.missionCycles.762,2,list,['762']
configurations.missionCycles.763,2,list,['763']
configurations.missionCycles.764,2,list,['764']
configurations.missionCycles.765,2,list,['765']
configurations.missionCycles.766,2,list,['766']
configurations.missionCycles.767,2,list,['767']
configurations.missionCycles.768,2,list,['768']
configurations.missionCycles.769,2,list,['769']
configurations.missionCycles.770,2,list,['770']
configurations.missionCycles.771,2,list,['771']
configurations.missionCycles.772,2,list,['772']
configurations.missionCycles.773,2,list,['773']
configurations.missionCycles.774,2,list,['774']
configurations.missionCycles.775,2,list,['775']
configurations.missionCycles.776,2,list,['776']
configurations.missionCycles.777,2,list,['777']
configurations.missionCycles.778,2,list,['778']
configurations.missionCycles.779,2,list,['779']
configurations.missionCycles.780,2,list,['780']
configurations.missionCycles.781,2,list,['781']
configurations.missionCycles.782,2,list,['782']
configurations.missionCycles.783,2,list,['783']
configurations.missionCycles.784,2,list,['784']
configurations.missionCycles.785,1,list,['785']
configurations.missionCycles.786,2,list,['786']
configurations.missionCycles.787,2,list,['787']
configurations.missionCycles.788,2,list,['788']
configurations.missionCycles.789,2,list,['789']
configurations.missionCycles.790,2,list,['790']
configurations.missionCycles.791,2,list,['791']
configurations.missionCycles.792,2,list,['792']
configurations.missionCycles.793,2,list,['793']
configurations.missionCycles.794,2,list,['794']
configurations.missionCycles.795,2,list,['795']
configurations.missionCycles.796,2,list,['796']
configurations.missionCycles.797,2,list,['797']
configurations.missionCycles.798,2,list,['798']
configurations.missionCycles.799,2,list,['799']
configurations.missionCycles.589,6,list,['589']
configurations.missionCycles.590,6,list,['590']
configurations.missionCycles.591,6,list,['591']
configurations.missionCycles.592,6,list,['592']
configurations.missionCycles.593,6,list,['593']
configurations.missionCycles.594,6,list,['594']
configurations.missionCycles.595,6,list,['595']
configurations.missionCycles.596,6,list,['596']
configurations.missionCycles.597,6,list,['597']
configurations.missionCycles.598,6,list,['598']
configurations.missionCycles.599,6,list,['599']
configurations.missionCycles.-1,2,list,['0']
configurations.missionCycles.803,1,list,['803']
configurations.missionCycles.804,1,list,['804']
configurations.missionCycles.805,1,list,['805']
configurations.missionCycles.806,1,list,['806']
configurations.missionCycles.807,1,list,['807']
configurations.missionCycles.808,1,list,['808']
configurations.missionCycles.809,1,list,['809']
configurations.missionCycles.810,1,list,['810']
configurations.missionCycles.811,1,list,['811']
configurations.missionCycles.812,1,list,['812']
configurations.missionCycles.813,1,list,['813']
configurations.missionCycles.814,1,list,['814']
configurations.missionCycles.815,1,list,['815']
configurations.missionCycles.816,1,list,['816']
configurations.missionCycles.817,1,list,['817']
configurations.missionCycles.818,1,list,['818']
configurations.missionCycles.819,1,list,['819']
configurations.missionCycles.820,1,list,['820']
configurations.missionCycles.821,1,list,['821']
configurations.missionCycles.823,1,list,['823']
configurations.missionCycles.824,1,list,['824']
configurations.missionCycles.825,1,list,['825']
configurations.missionCycles.826,1,list,['826']
configurations.missionCycles.827,1,list,['827']
configurations.missionCycles.829,1,list,['829']
configurations.missionCycles.830,1,list,['830']
configurations.missionCycles.831,1,list,['831']
configurations.missionCycles.832,1,list,['832']
configurations.missionCycles.833,1,list,['833']
configurations.missionCycles.834,1,list,['834']
configurations.missionCycles.835,1,list,['835']
configurations.missionCycles.836,1,list,['836']
configurations.missionCycles.837,1,list,['837']
configurations.missionCycles.838,1,list,['838']
configurations.missionCycles.839,1,list,['839']
configurations.missionCycles.840,1,list,['840']
configurations.missionCycles.841,1,list,['841']
configurations.missionCycles.842,1,list,['842']
configurations.missionCycles.843,1,list,['843']
configurations.missionCycles.844,1,list,['844']
configurations.missionCycles.845,1,list,['845']
configurations.missionCycles.846,1,list,['846']
configurations.missionCycles.847,1,list,['847']
configurations.missionCycles.848,1,list,['848']
configurations.missionCycles.849,1,list,['849']
configurations.missionCycles.850,1,list,['850']
configurations.missionCycles.851,1,list,['851']
configurations.missionCycles.852,1,list,['852']
configurations.missionCycles.853,1,list,['853']
configurations.missionCycles.854,1,list,['854']
configurations.missionCycles.855,1,list,['855']
configurations.missionCycles.856,1,list,['856']
configurations.missionCycles.857,1,list,['857']
configurations.missionCycles.858,1,list,['858']
configurations.missionCycles.859,1,list,['859']
configurations.missionCycles.860,1,list,['860']
configurations.missionCycles.861,1,list,['861']
configurations.missionCycles.862,1,list,['862']
configurations.missionCycles.863,1,list,['863']
configurations.missionCycles.864,1,list,['864']
configurations.missionCycles.865,1,list,['865']
configurations.missionCycles.866,1,list,['866']
configurations.missionCycles.867,1,list,['867']
configurations.missionCycles.868,1,list,['868']
configurations.missionCycles.869,1,list,['869']
configurations.missionCycles.870,1,list,['870']
configurations.missionCycles.871,1,list,['871']
configurations.missionCycles.872,1,list,['872']
configurations.missionCycles.873,1,list,['873']
configurations.missionCycles.874,1,list,['874']
configurations.missionCycles.875,1,list,['875']
configurations.missionCycles.876,1,list,['876']
configurations.missionCycles.877,1,list,['877']
configurations.missionCycles.878,1,list,['878']
configurations.missionCycles.879,1,list,['879']
configurations.missionCycles.880,1,list,['880']
configurations.missionCycles.881,1,list,['881']
configurations.missionCycles.882,1,list,['882']
configurations.missionCycles.883,1,list,['883']
configurations.missionCycles.884,1,list,['884']
configurations.missionCycles.885,1,list,['885']
configurations.missionCycles.886,1,list,['886']
configurations.missionCycles.887,1,list,['887']
configurations.missionCycles.888,1,list,['888']
configurations.missionCycles.889,1,list,['889']
configurations.missionCycles.890,1,list,['890']
configurations.missionCycles.891,1,list,['891']
configurations.missionCycles.892,1,list,['892']
configurations.missionCycles.893,1,list,['893']
configurations.missionCycles.894,1,list,['894']
configurations.missionCycles.895,1,list,['895']
configurations.missionCycles.896,1,list,['896']
configurations.missionCycles.897,1,list,['897']
configurations.missionCycles.898,1,list,['898']
configurations.missionCycles.899,1,list,['899']
configurations.missionCycles.900,1,list,['900']
configurations.missionCycles.901,1,list,['901']
configurations.missionCycles.902,1,list,['902']
configurations.missionCycles.903,1,list,['903']
configurations.missionCycles.904,1,list,['904']
configurations.missionCycles.905,1,list,['905']
configurations.missionCycles.906,1,list,['906']
configurations.missionCycles.907,1,list,['907']
configurations.missionCycles.909,1,list,['909']
configurations.missionCycles.910,1,list,['910']
configurations.missionCycles.911,1,list,['911']
configurations.missionCycles.912,1,list,['912']
configurations.missionCycles.913,1,list,['913']
configurations.missionCycles.914,1,list,['914']
configurations.missionCycles.915,1,list,['915']
configurations.missionCycles.916,1,list,['916']
configurations.missionCycles.917,1,list,['917']
configurations.missionCycles.918,1,list,['918']
configurations.missionCycles.919,1,list,['919']
configurations.missionCycles.920,1,list,['920']
configurations.missionCycles.921,1,list,['921']
configurations.missionCycles.922,1,list,['922']
configurations.missionCycles.923,1,list,['923']
configurations.missionCycles.924,1,list,['924']
configurations.missionCycles.925,1,list,['925']
configurations.missionCycles.926,1,list,['926']
configurations.missionCycles.927,1,list,['927']
configurations.missionCycles.928,1,list,['928']
configurations.missionCycles.929,1,list,['929']
configurations.missionCycles.930,1,list,['930']
configurations.missionCycles.931,1,list,['931']
configurations.missionCycles.932,1,list,['932']
configurations.missionCycles.933,1,list,['933']
configurations.missionCycles.934,1,list,['934']
configurations.missionCycles.935,1,list,['935']
configurations.missionCycles.936,1,list,['936']
configurations.missionCycles.937,1,list,['937']
configurations.missionCycles.938,1,list,['938']
configurations.missionCycles.939,1,list,['939']
configurations.missionCycles.940,1,list,['940']
configurations.missionCycles.941,1,list,['941']
configurations.missionCycles.942,1,list,['942']
configurations.missionCycles.943,1,list,['943']
configurations.missionCycles.944,1,list,['944']
configurations.missionCycles.945,1,list,['945']
configurations.missionCycles.946,1,list,['946']
configurations.missionCycles.947,1,list,['947']
configurations.missionCycles.948,1,list,['948']
configurations.missionCycles.949,1,list,['949']
configurations.missionCycles.950,1,list,['950']
configurations.missionCycles.951,1,list,['951']
configurations.missionCycles.952,1,list,['952']
configurations.missionCycles.953,1,list,['953']
configurations.missionCycles.954,1,list,['954']
configurations.missionCycles.955,1,list,['955']
configurations.missionCycles.956,1,list,['956']
configurations.missionCycles.957,1,list,['957']
configurations.missionCycles.958,1,list,['958']
configurations.missionCycles.959,1,list,['959']
configurations.missionCycles.960,1,list,['960']
configurations.missionCycles.961,1,list,['961']
configurations.missionCycles.962,1,list,['962']
configurations.missionCycles.963,1,list,['963']
configurations.missionCycles.964,1,list,['964']
configurations.missionCycles.965,1,list,['965']
configurations.missionCycles.966,1,list,['966']
configurations.missionCycles.967,1,list,['967']
configurations.missionCycles.968,1,list,['968']
configurations.missionCycles.969,1,list,['969']
configurations.missionCycles.970,1,list,['970']
configurations.missionCycles.971,1,list,['971']
configurations.missionCycles.972,1,list,['972']
configurations.missionCycles.973,1,list,['973']
configurations.missionCycles.974,1,list,['974']
configurations.missionCycles.975,1,list,['975']
configurations.missionCycles.976,1,list,['976']
configurations.missionCycles.977,1,list,['977']
configurations.missionCycles.978,1,list,['978']
configurations.missionCycles.979,1,list,['979']
configurations.missionCycles.980,1,list,['980']
configurations.missionCycles.981,1,list,['981']
configurations.missionCycles.982,1,list,['982']
configurations.missionCycles.983,1,list,['983']
configurations.missionCycles.984,1,list,['984']
configurations.missionCycles.985,1,list,['985']
configurations.missionCycles.986,1,list,['986']
configurations.missionCycles.987,1,list,['987']
configurations.missionCycles.988,1,list,['988']
configurations.missionCycles.989,1,list,['989']
configurations.missionCycles.990,1,list,['990']
configurations.missionCycles.991,1,list,['991']
configurations.missionCycles.992,1,list,['992']
configurations.missionCycles.993,1,list,['993']
configurations.missionCycles.994,1,list,['994']
configurations.missionCycles.995,1,list,['995']
configurations.missionCycles.996,1,list,['996']
configurations.missionCycles.997,1,list,['997']
configurations.missionCycles.998,1,list,['998']
configurations.missionCycles.999,1,list,['999']
configurations.missionCycles.27476704,1,list,['0']
configurations.missionCycles.9982,1,list,['9982']
configurations.missionCycles.9983,1,list,['9983']
configurations.missionCycles.9986,1,list,['9986']
configurations.missionCycles.9987,1,list,['9987']
configurations.missionCycles.9984,1,list,['9984']
configurations.missionCycles.9985,1,list,['9985']
configurations.missionCycles.9993,1,list,['9993']
configurations.missionCycles.9994,1,list,['9994']
configurations.missionCycles.9991,1,list,['9991']
configurations.missionCycles.9992,1,list,['9992']
configurations.missionCycles.9995,1,list,['9995']
configurations.missionCycles.9990,1,list,['9990']
configurations.missionCycles.9988,1,list,['9988']
configurations.missionCycles.9989,1,list,['9989']
